{
  "AL": [
    "Birmingham",
    "Montgomery",
    "Mobile",
    "Huntsville",
    "Tuscaloosa",
    "Hoover",
    "Dothan",
    "Auburn",
    "Decatur",
    "Madison"
  ],
  "AK": [
    "Anchorage",
    "Fairbanks",
    "Juneau",
    "Wasilla",
    "Sitka"
  ],
  "AZ": [
    "Phoenix",
    "Tucson",
    "Mesa",
    "Chandler",
    "Scottsdale",
    "Glendale",
    "Tempe"
  ],
  "AR": [
    "Little Rock",
    "Fort Smith",
    "Fayetteville",
    "Jonesboro",
    "North Little Rock",
    "Conway",
    "Rogers",
    "Pine Bluff",
    "Bentonville",
    "Hot Springs"
  ],
  "CA": [
    "Los Angeles",
    "San Diego",
    "San Jose",
    "San Francisco",
    "Fresno",
    "Sacramento",
    "Long Beach",
    "Oakland",
    "Bakersfield",
    "Anaheim",
    "Santa Ana",
    "Riverside",
    "Stockton",
    "Irvine",
    "Chula Vista",
    "Fremont",
    "San Bernardino",
    "Modesto",
    "Fontana",
    "Oxnard"
  ],
  "CO": [
    "Denver",
    "Colorado Springs",
    "Aurora",
    "Fort Collins",
    "Lakewood",
    "Thornton",
    "Arvada",
    "Westminster"
  ],
  "CT": [
    "Bridgeport",
    "New Haven",
    "Hartford",
    "Stamford",
    "Waterbury",
    "Norwalk"
  ],
  "DE": [
    "Wilmington",
    "Dover",
    "Newark",
    "Middletown",
    "Smyrna",
    "Milford",
    "Seaford",
    "Georgetown",
    "Elsmere",
    "New Castle"
  ],
  "DC": [
    "Washington"
  ],
  "FL": [
    "Jacksonville",
    "Miami",
    "Tampa",
    "Orlando",
    "St. Petersburg",
    "Hialeah",
    "Tallahassee",
    "Fort Lauderdale",
    "Port St. Lucie",
    "Cape Coral",
    "Pembroke Pines",
    "Hollywood",
    "Miramar",
    "Gainesville",
    "Coral Springs"
  ],
  "GA": [
    "Atlanta",
    "Augusta",
    "Columbus",
    "Savannah",
    "Athens",
    "Sandy Springs",
    "Roswell",
    "Macon",
    "Johns Creek"
  ],
  "HI": [
    "Honolulu",
    "Hilo",
    "Kailua",
    "Kaneohe",
    "Pearl City"
  ],
  "ID": [
    "Boise",
    "Nampa",
    "Meridian",
    "Idaho Falls",
    "Pocatello",
    "Caldwell",
    "Coeur d'Alene",
    "Twin Falls",
    "Lewiston",
    "Post Falls"
  ],
  "IL": [
    "Chicago",
    "Aurora",
    "Naperville",
    "Joliet",
    "Rockford",
    "Springfield",
    "Elgin",
    "Peoria",
    "Champaign"
  ],
  "IN": [
    "Indianapolis",
    "Fort Wayne",
    "Evansville",
    "South Bend",
    "Carmel",
    "Fishers",
    "Bloomington",
    "Hammond"
  ],
  "IA": [
    "Des Moines",
    "Cedar Rapids",
    "Davenport",
    "Sioux City",
    "Iowa City",
    "Waterloo",
    "Council Bluffs",
    "Ames",
    "West Des Moines",
    "Ankeny"
  ],
  "KS": [
    "Wichita",
    "Overland Park",
    "Kansas City",
    "Olathe",
    "Topeka",
    "Lawrence",
    "Shawnee",
    "Manhattan",
    "Lenexa",
    "Salina"
  ],
  "KY": [
    "Louisville",
    "Lexington",
    "Bowling Green",
    "Owensboro",
    "Covington",
    "Hopkinsville",
    "Richmond",
    "Florence",
    "Georgetown",
    "Henderson"
  ],
  "LA": [
    "New Orleans",
    "Baton Rouge",
    "Shreveport",
    "Lafayette",
    "Lake Charles",
    "Kenner",
    "Bossier City"
  ],
  "ME": [
    "Portland",
    "Lewiston",
    "Bangor",
    "South Portland",
    "Auburn",
    "Biddeford",
    "Sanford",
    "Saco",
    "Augusta",
    "Westbrook"
  ],
  "MD": [
    "Baltimore",
    "Frederick",
    "Rockville",
    "Gaithersburg",
    "Bowie",
    "Annapolis"
  ],
  "MA": [
    "Boston",
    "Worcester",
    "Springfield",
    "Lowell",
    "Cambridge",
    "New Bedford",
    "Brockton",
    "Quincy"
  ],
  "MI": [
    "Detroit",
    "Grand Rapids",
    "Warren",
    "Sterling Heights",
    "Lansing",
    "Ann Arbor",
    "Flint",
    "Dearborn"
  ],
  "MN": [
    "Minneapolis",
    "St. Paul",
    "Rochester",
    "Duluth",
    "Bloomington",
    "Brooklyn Park",
    "Plymouth"
  ],
  "MS": [
    "Jackson",
    "Gulfport",
    "Southaven",
    "Hattiesburg",
    "Biloxi",
    "Meridian",
    "Tupelo",
    "Greenville",
    "Olive Branch",
    "Starkville"
  ],
  "MO": [
    "Kansas City",
    "St. Louis",
    "Springfield",
    "Columbia",
    "Independence",
    "Lee's Summit"
  ],
  "MT": [
    "Billings",
    "Missoula",
    "Great Falls",
    "Bozeman",
    "Butte",
    "Helena",
    "Kalispell",
    "Havre",
    "Anaconda",
    "Miles City"
  ],
  "NE": [
    "Omaha",
    "Lincoln",
    "Bellevue",
    "Grand Island",
    "Kearney",
    "Fremont",
    "Hastings",
    "North Platte",
    "Norfolk",
    "Columbus"
  ],
  "NV": [
    "Las Vegas",
    "Henderson",
    "Reno",
    "North Las Vegas",
    "Sparks",
    "Carson City"
  ],
  "NH": [
    "Manchester",
    "Nashua",
    "Concord",
    "Derry",
    "Rochester",
    "Dover",
    "Keene",
    "Portsmouth",
    "Salem",
    "Hudson"
  ],
  "NJ": [
    "Newark",
    "Jersey City",
    "Paterson",
    "Elizabeth",
    "Edison",
    "Woodbridge",
    "Lakewood",
    "Toms River"
  ],
  "NM": [
    "Albuquerque",
    "Las Cruces",
    "Rio Rancho",
    "Santa Fe",
    "Roswell",
    "Farmington",
    "Clovis",
    "Hobbs",
    "Alamogordo",
    "Carlsbad"
  ],
  "NY": [
    "New York",
    "Buffalo",
    "Rochester",
    "Yonkers",
    "Syracuse",
    "Albany",
    "New Rochelle",
    "Mount Vernon",
    "Schenectady",
    "Utica"
  ],
  "NC": [
    "Charlotte",
    "Raleigh",
    "Greensboro",
    "Durham",
    "Winston-Salem",
    "Fayetteville",
    "Cary",
    "Wilmington"
  ],
  "ND": [
    "Fargo",
    "Bismarck",
    "Grand Forks",
    "Minot",
    "West Fargo",
    "Williston",
    "Dickinson",
    "Mandan",
    "Jamestown",
    "Wahpeton"
  ],
  "OH": [
    "Columbus",
    "Cleveland",
    "Cincinnati",
    "Toledo",
    "Akron",
    "Dayton",
    "Parma",
    "Canton"
  ],
  "OK": [
    "Oklahoma City",
    "Tulsa",
    "Norman",
    "Broken Arrow",
    "Lawton",
    "Edmond",
    "Moore",
    "Midwest City",
    "Enid",
    "Stillwater"
  ],
  "OR": [
    "Portland",
    "Eugene",
    "Salem",
    "Gresham",
    "Hillsboro",
    "Bend"
  ],
  "PA": [
    "Philadelphia",
    "Pittsburgh",
    "Allentown",
    "Erie",
    "Reading",
    "Scranton",
    "Bethlehem",
    "Lancaster"
  ],
  "RI": [
    "Providence",
    "Warwick",
    "Cranston",
    "Pawtucket",
    "East Providence",
    "Woonsocket",
    "Newport",
    "Central Falls",
    "Westerly",
    "Cumberland"
  ],
  "SC": [
    "Charleston",
    "Columbia",
    "North Charleston",
    "Mount Pleasant",
    "Rock Hill",
    "Greenville",
    "Summerville"
  ],
  "SD": [
    "Sioux Falls",
    "Rapid City",
    "Aberdeen",
    "Watertown",
    "Brookings",
    "Mitchell",
    "Yankton",
    "Pierre",
    "Huron",
    "Vermillion"
  ],
  "TN": [
    "Nashville",
    "Memphis",
    "Knoxville",
    "Chattanooga",
    "Clarksville",
    "Murfreesboro"
  ],
  "TX": [
    "Houston",
    "San Antonio",
    "Dallas",
    "Austin",
    "Fort Worth",
    "El Paso",
    "Arlington",
    "Corpus Christi",
    "Plano",
    "Laredo",
    "Lubbock",
    "Garland",
    "Irving",
    "Amarillo",
    "Grand Prairie",
    "Brownsville",
    "McKinney",
    "Frisco",
    "Pasadena",
    "Killeen"
  ],
  "UT": [
    "Salt Lake City",
    "West Valley City",
    "Provo",
    "West Jordan",
    "Orem",
    "Sandy",
    "Ogden",
    "St. George",
    "Layton",
    "Taylorsville"
  ],
  "VT": [
    "Burlington",
    "Essex",
    "South Burlington",
    "Colchester",
    "Rutland",
    "Montpelier",
    "Barre",
    "St. Albans",
    "Winooski",
    "Brattleboro"
  ],
  "VA": [
    "Virginia Beach",
    "Norfolk",
    "Chesapeake",
    "Richmond",
    "Newport News",
    "Alexandria",
    "Hampton",
    "Portsmouth"
  ],
  "WA": [
    "Seattle",
    "Spokane",
    "Tacoma",
    "Vancouver",
    "Bellevue",
    "Kent",
    "Everett",
    "Renton",
    "Yakima",
    "Federal Way"
  ],
  "WV": [
    "Charleston",
    "Huntington",
    "Parkersburg",
    "Morgantown",
    "Wheeling",
    "Martinsburg",
    "Fairmont",
    "Beckley",
    "Clarksburg",
    "South Charleston"
  ],
  "WI": [
    "Milwaukee",
    "Madison",
    "Green Bay",
    "Kenosha",
    "Racine",
    "Appleton",
    "Waukesha"
  ],
  "WY": [
    "Cheyenne",
    "Casper",
    "Laramie",
    "Gillette",
    "Rock Springs",
    "Sheridan",
    "Green River",
    "Evanston",
    "Riverton",
    "Jackson"
  ]
}